question_id,category,prompt
1,generic,How can I improve my time management skills?
2,generic,What are the most effective ways to deal with stress?
3,generic,What are the main differences between Python and JavaScript programming languages?
4,generic,How can I increase my productivity while working from home?
5,generic,Can you explain the basics of quantum computing?
6,generic,What are the differences between plant-based and animal-based protein sources?
7,generic,How can I develop my critical thinking skills?
8,generic,What are the major challenges faced by the education sector today?
9,generic,What are the primary factors that influence consumer behavior?
10,generic,What are the most effective strategies for conflict resolution in the workplace?
11,knowledge,What are some potential implications of using a single-use plastic bottle versus a reusable bottle on both the environment and human health?
12,knowledge,What factors would you consider when designing an inclusive and accessible public transportation system?
13,knowledge,How can governments utilize fiscal and monetary policies to combat economic recessions?
14,knowledge,How do language and cultural barriers affect the way people communicate and form relationships in multicultural societies?
15,knowledge,Describe a scenario where artificial intelligence could be used to improve the quality and efficiency of healthcare delivery.
16,knowledge,"Explain the process of gene editing using CRISPR-Cas9 technology, and discuss its potential applications and ethical implications."
17,knowledge,"How do vaccinations work to protect individuals and communities from infectious diseases, and what is herd immunity?"
18,knowledge,"How do social media platforms influence the way people consume and share news, and what are the potential implications for the spread of misinformation?"
19,knowledge,"How do cultural, social, and economic factors influence people's food choices, and how can this knowledge be used to promote healthier diets?"
20,knowledge,Explain the process of natural selection and how it contributes to the evolution and adaptation of species.
21,roleplay,How would you introduce yourself as a medieval knight at a royal banquet?
22,roleplay,"As a pirate captain, what would you say to your crew to motivate them to search for hidden treasure?"
23,roleplay,"If you were a Shakespearean character, how would you declare your love for someone in a soliloquy?"
24,roleplay,"As a superhero, how would you explain your origin story to a curious child?"
25,roleplay,Imagine you are a time traveler from the year 3000. What technological advancements would you tell people about?
26,roleplay,"As a sports commentator, describe the winning play in the final seconds of a championship game."
27,roleplay,Pretend to be a world-famous chef. How would you describe your signature dish to a panel of judges?
28,roleplay,You are a mountain climber reaching the summit of Mount Everest. Describe your emotions and the view from the top.
29,roleplay,"As a space colonist on Mars, describe your daily life and the challenges you face living on another planet."
30,roleplay,Pretend to be a character in a post-apocalyptic world. Describe how you survive and the allies you encounter.
31,common-sense,"How can you determine if a restaurant is popular among locals or mainly attracts tourists, and why might this information be useful?"
32,common-sense,What are some subtle clues that suggest someone is pretending to understand a topic or conversation when they are actually confused or uninformed?
33,common-sense,Why might someone choose to use a paper map or ask for directions instead of relying on a GPS device or smartphone app?
34,common-sense,How can you determine if a person is genuinely interested in a conversation or simply being polite?
35,common-sense,"Why might someone prefer to shop at a small, locally-owned business instead of a large chain store, even if the prices are higher?"
36,common-sense,"How can you assess the credibility of a source of information, such as a news article or blog post, without relying solely on the reputation of the author or publisher?"
37,common-sense,"Why do some people enjoy the sensation of being scared, such as by watching horror movies or going on roller coasters, while others avoid these experiences?"
38,common-sense,How can observing the behavior of other people in a social situation provide clues about cultural norms and expectations?
39,common-sense,"Do we have a moral obligation to explore space, or should we focus on solving Earth's problems first?"
40,common-sense,"In a world where automation is becoming increasingly prevalent, is it more important to prioritize job creation or technological progress?"
41,fermi,How many times does the average human blink in a lifetime? Try to explain your answer. Your explanation should take the reader through your reasoning step-by-step.
42,fermi,How many atoms are in a grain of salt? Try to explain your answer. Your explanation should take the reader through your reasoning step-by-step.
43,fermi,How many lightning strikes occur on Earth each day? Try to explain your answer. Your explanation should take the reader through your reasoning step-by-step.
44,fermi,"How many balloons would it take to lift a house like in the movie ""Up""? Try to explain your answer. Your explanation should take the reader through your reasoning step-by-step."
45,fermi,How many text messages are sent globally in a minute? Try to explain your answer. Your explanation should take the reader through your reasoning step-by-step.
46,fermi,How many words are spoken daily on Earth? Try to explain your answer. Your explanation should take the reader through your reasoning step-by-step.
47,fermi,How many snowflakes fall during a typical winter? Try to explain your answer. Your explanation should take the reader through your reasoning step-by-step.
48,fermi,How many pages are in all the books ever written? Try to explain your answer. Your explanation should take the reader through your reasoning step-by-step.
49,fermi,How many times has the Earth orbited the Sun since the beginning of life? Try to explain your answer. Your explanation should take the reader through your reasoning step-by-step.
50,fermi,How many songs have been recorded throughout history? Try to explain your answer. Your explanation should take the reader through your reasoning step-by-step.
51,counterfactual,What if the Internet had been invented during the Renaissance period?
52,counterfactual,What if the Aztecs had successfully repelled the Spanish conquistadors?
53,counterfactual,What if the Black Death had not occurred in the 14th century?
54,counterfactual,What if Isaac Newton had focused on biology instead of physics?
55,counterfactual,What if the Beatles had never formed as a band?
56,counterfactual,What if Alan Turing had not cracked the Enigma code during World War II?
57,counterfactual,What if the Suez Canal had never been constructed?
58,counterfactual,What if the Maya civilization had never mysteriously collapsed?
59,counterfactual,What if Christopher Columbus had not discovered the Americas?
60,counterfactual,What if Vincent van Gogh had been a successful artist during his lifetime?
61,coding,Develop a C++ program that reads a text file line by line and counts the number of occurrences of a specific word in the file.
62,coding,Implement a Python function to find the longest common subsequence of two input strings using dynamic programming.
63,coding,Implement a regular expression in Python to validate an email address.
64,coding,Write a program to find the nth Fibonacci number using dynamic programming.
65,coding,Implement a binary search algorithm to find a specific element in a sorted array.
66,coding,Implement a queue data structure using two stacks in Python.
67,coding,Implement a program to find the common elements in two arrays without using any extra data structures.
68,math,"Given that f(x) = 5x^3 - 2x + 3, find the value of f(2)."
69,math,Solve for x in the equation 3x + 10 = 5(x - 2).
70,math,"If the endpoints of a line segment are (2, -2) and (10, 4), what is the length of the segment?"
71,writing,Can you help me write a formal email to a potential business partner proposing a joint venture?
72,writing,"Can you help me write a resignation letter to my current employer, while leaving on good terms and expressing gratitude for the opportunities provided?"
73,writing,Use an appropriate format to structure a formal letter of recommendation for a student applying to a prestigious graduate program in computer science.
74,writing,Write a compelling product launch announcement email to inform our customers of our new software solution.
75,writing,"Draft an apology email to a customer who experienced a delay in their order, and provide reassurance that the issue has been resolved."
76,writing,Write a script for a YouTube video exploring the history and cultural significance of jazz.
77,writing,"Compose an engaging travel blog post about a recent trip to Hawaii, highlighting cultural experiences and must-see attractions."
78,writing,"Write a captivating movie review for a recently released science fiction film, discussing its plot, characters, and special effects."
79,writing,Structure a podcast script for an episode discussing the influence of streaming platforms on the music industry.
80,writing,"Write a symphony concert review, discussing the orchestra's performance and overall audience experience."
